count	voicevox	kuromoji	example
223	あ		A：明日のパーティー、何時に行きますか。。B：午後6時半に行
194	い		SNSの普及により、誰もが情報の発信者になれる時代を迎えた。
173	え		この湖の深さは50メートルです。
119	え	A：	A：明日のテストは何時から始まりますか。。B：午前九時からで
113	お		コーヒーを3杯飲んだから、夜眠れないわけだ。
93	う		SNSの普及により、誰もが情報の発信者になれる時代を迎えた。
93		～	～ことは～が
91	びい	B：	A：明日のテストは何時から始まりますか。。B：午前九時からで
61	っ	ち	A：今回の情報漏洩の件、初動対応の遅れが致命的だった。原因究
44	あいだ	ま	あの店のラーメンは、若い人の間でとても人気がある。
38	ひとり	いちにん	100キロからある荷物を、彼は一人で運び切った。
28		い	A：来月から営業部の課長として、君を昇進させたいと考えている
22	ふたり	ににん	一度芽生えた猜疑の念は、二人の間に取り返しのつかない溝を生ん
20	っぽ	ちほ	あと一歩で優勝を逃してしまい、口惜しくて涙が止まらなかった。
16	とき	じ	この小説は虚構でありながら、当時の社会の矛盾を鋭くえぐり出し
16	あと	ご	この二つの製品は名前が紛らわしく、注文の際に間違える客が後を
15	く	きゅう	A：明日のテストは何時から始まりますか。。B：午前九時からで
15	っぷ	うふ	A：明日のテストは何時から始まりますか。。B：午前九時からで
15	っ	う	どんなに急いでも、一日に読めるのは精々三十ページくらいだ。
14	じ	ち	焙煎したての豆を挽くと、香ばしいコーヒーの匂いが部屋中に広が
13		/	飲む：飲みます/飲んで/飲める/飲まれる/飲ませる
13		→	歌います→歌う／歌わない
13	おぜ	たいせ	大勢の来賓を前に表彰されるという、晴れがましい場に立たせてい
13	もの	しゃ	リーダーたる者、部下に命じる前に自ら率先垂範すべきだ。
9	もの	ぶつ	使者は貢ぎ物を朝廷に恭しく奉った。
9	ゆ	い	アイスクリームを外に置いておいたら、あっという間に溶けてしま
9	ひとり	えちにん	ここは夜になると人通りが少なくて危険なので、一人で歩かないほ
8	ふ	お	A：道頓堀でお好み焼きを食べませんか。。B：いいですね。でも
8	えあい	AI	AIが最適な配送ルートを瞬時に弾き出してくれる。
8	ひと	いち	一晩で三十センチも雪が積もり、朝の交通は大きく乱れた。
7	ほか	た	この店のラーメンは、他では味わえない独特なスープが自慢です。
7	た	ば	根拠のない噂がSNSを通じて瞬く間に流布し、収拾がつかなくな
7	しち	なな	明日のパーティーは、夜七時から、駅前のレストランで行います。
7	こめ	べえ	この地域は昔から米作りが盛んで、おいしいお米が有名です。
6	えすえぬえす	SNS	SNSの普及により、誰もが情報の発信者になれる時代を迎えた。
6	び	B：	A：明日の飲み会、何人ぐらい来るかな。。B：今のところ、八人
6		き	10月になると、涼しくなります。
6		ん	A：田中さん、明日のプレゼン資料、最終確認お願いできますか。
6	っぱ	ちわ	この店のラーメンは、スープが特別美味しいです。豚骨を十時間以
6	ぜ	せ	A：このシャツはいくらですか。。B：三千五百円です。今セール
6	みっか	さんにち	エンジンが故障したヨットは、三日間も太平洋を漂流し続けた。
6	かた	ほお	この条件に該当する方は、速やかに窓口までお申し出ください。
5	かな		は
5	ご		5キロ走り続けました。
5	えむ	M	A：いらっしゃいませ。。B：アイスコーヒーをひとつください。
5		う	ごうう
5	び	ひ	レポートの冒頭に、研究の要旨を三百字以内でまとめて記載してく
5	ぶ	ふ	計画そのものは申し分ないが、人手不足という隘路をどう打開する
5	ば	わ	お湯が沸いたら、火を止めて茶葉を入れてください。
4	ろく		A：明日のパーティー、何時に行きますか。。B：午後6時半に行
4		え	その僧侶は厳しい戒律を守り、俗世との関わりを断っている。
4	っぴ	ちひ	A：すみません、たこ焼きを二つと、お好み焼きを一つください。
4	に	ん	この旅行で、一人でも何とかなるという自信がつきました。
4	よなか	やちゅう	弟は夜中に「もう食べられない」と寝言を言って、家族を笑わせた
4	おこ	いか	彼は普段冷静だが、その一言にはさすがに怒りを露わにした。
4	っぷ	うぶ	面接には十分前に来られることが望ましいとされています。
4	あと	のち	あれほど激しく対立した二人だが、腹を割って話した後はかえって
4	ひと	じん	やりたいことは先延ばしにするな。歳月人を待たずと言うだろう。
4	ち	じ	言葉少なな彼女の表情から、その心中を推し量るしかなかった。
4	い	ゆ	行き先は、前から気になっていた金沢です。
4	ん	に	失敗を恐れていては、新しいことには何一つ挑戦できない。
3	いち		5分の遅刻ならまだしも、1時間遅れるのはありえない。
3	に	じ	軽微な暴行罪で有罪判決を受けた被告人に、二十日間の拘留が科さ
3	が	か	エレベーターに乗ったら、三階のボタンを押してください。
3	なか	ちゅう	本日はお忙しい中ありがとうございました。それでは、失礼いたし
3	ぶい	V	V かける
3	っ	く	インターネット上の画像でも、著作権には十分注意しなければなら
3	ま		かつて交易の要衝として繁栄を極めた港町も、今は静かだ。
3	か	つ	このカレーは辛いです。
3	い	こと	その学者は従来の定説に異を唱え、新たな仮説を提唱した。
3	ぐ	く	あの文豪の人柄を物語る逸話は、今でも語り草になっている。
3	ど	く	角が立つのを承知で、あえて反対意見を述べさせていただきます。
3	し	じ	兄は堅実に貯金を続け、片や弟は稼いだ端から使い果たしてしまう
3	かよ	とお	資格試験に合格するために、毎日図書館へ通っています。
2	ゅうじ		10時から18時まで営業します。
2	え	い	SNSの普及により、誰もが情報の発信者になれる時代を迎えた。
2	ごじゅう		この湖の深さは50メートルです。
2		：	飲む：飲みます/飲んで/飲める/飲まれる/飲ませる
2	にじゅう		今回のキャンペーンは20代の女性を中心に展開します。
2	じゅう		10年ぶりに高校のクラスメイトと再会した。
2	に		1か月に2回映画館へ行きます。
2	さんが		3月から4月にかけて、全国で桜が咲く。
2	え	せつ	A：今回の情報漏洩の件、初動対応の遅れが致命的だった。原因究
2	ば	じょお	大勢の来賓を前に表彰されるという、晴れがましい場に立たせてい
2	く	っ	締め切りが刻々と迫る中、チーム全員が寝る間も惜しんで作業に当
2	さきとき	おじ	かつてこの同盟の盟主として君臨した国も、今や往時の勢いはない
2	ぜえ	々	どんなに急いでも、一日に読めるのは精々三十ページくらいだ。
2	じゅう	なか	市街地と言わず郊外と言わず、町中がお祭りムードに包まれた。
2	えち		締切まで1日で全部終わらせっこない。
2	え	おこな	品質を維持するため、当社は部品の製造をすべて国内工場で行って
2	むくい	ほお	報連相は、単なるルールではない。
2	ひとりひとり	いちにんいちにん	民主主義の社会では、一人一人の意見が尊重されなければならない
2	みっか	にち	3日間にわたって国際会議が行われた。
2	え	A	A：明日のパーティーに何を持っていきますか。。B：飲み物を持
2	あら	ろ	あまりに理不尽な仕打ちに、温厚な彼でさえ激しい憤慨を露わにし
2		ょお	かつて交易の要衝として繁栄を極めた港町も、今は静かだ。
2	わいふぁい	WiFi	このカフェは駅に近い上に、Wi-Fi も高速だ。
2	き	ょく	一度植えつけられた不信感を払拭するのは、並大抵のことではない
2	れえ	よわい	加齢とともに血管は硬くなり、さまざまな病気の原因となりうる。
2		＝	寒くありません ＝ 寒くないです
2	ぱん	ほ	起業当初は順風満帆に見えたが、実は数々の困難を乗り越えてきた
2	か	こお	契約書の細かい条項まで確認しないと、後で思わぬ不利益を被りか
2		や	工事の音が喧しくて、電話の声がほとんど聞こえませんでした。
2	びす		工事の音が喧しくて、電話の声がほとんど聞こえませんでした。
2	い	こな	事故の原因を調べるため、警察が詳しい調査を行っています。
2	いと	ひ	新しい課題が次々と持ち上がり、担当者は休む暇もない。
2	す		素潜りで海の底まで潜り、貝を採るのが彼の得意技だ。
2	つう	かよい	通帳の残高を見て、使いすぎていたことに愕然とした。
2	こ	きた	面接には十分前に来られることが望ましいとされています。
2	あ	う	あらう
2	よ	ょ	ぎきょ
2	かず	すう	この理論からは、応用範囲の広い数多くの概念が派生している。
2	か	が	とちゅうに川があって、はしをわたります。
2	く	ぐ	一度口にした心ない言葉は覆水盆に返らずで、いくら謝っても彼女
2	けが	よご	雨の日に外を歩くと、靴がすぐに泥で汚れる。
2	す	か	過ぎたことをいつまでも悔やんでも詮ないから、前を向くしかない
2	れ	が	我思う、ゆえに我あり——この一節は近代哲学の出発点とされてい
2	つ		改正された個人情報保護法は、来月一日をもって施行される運びと
2	た		改正された個人情報保護法は、来月一日をもって施行される運びと
2		にち	改正された個人情報保護法は、来月一日をもって施行される運びと
2	ごお	さと	海外赴任では、郷に入っては郷に従えの精神で、現地の商習慣を素
2	ごわ	ずよ	経験豊富なベテランをもってしても、あの案件は手強かった。
2	ふくつう	わらいた	激しい腹痛に七転八倒し、救急車を呼ぶ羽目になった。
2	わざ	ごお	限られた予算でこの品質を実現するのは、まさに至難の業と言える
2		あ	惚れ込んでいる時は痘痕も靨で、相手の欠点すら愛おしく見えてし
2	と		惚れ込んでいる時は痘痕も靨で、相手の欠点すら愛おしく見えてし
2	とも	あか	山頂から見渡すと、街の灯りが一面に広がっていた。
2	すき	ひま	取り締まりが緩んだ隙に、街には悪質な密売人が跋扈し始めた。
2	せえ	なま	生と死の繰り返しは、抗いようのない自然の摂理である。
2	じ	し	専門家の手によって、傷んだ古文書が見事に復元された。
2	ゆ	る	創業者たちの弛まぬ努力こそが、今日の会社の礎を築いたのである
1	ゅうわちじ		10時から18時まで営業します。
1	よんじゅうに		42 キロを走りきった時、自然と涙が出た。
1	さんじゅう		30万人が参加しただけのことはある、見応えのあるマラソン大会
1	わちじゅっ		彼はもう80歳になるが、尚毎朝ジョギングを続けているそうだ。
1	ゅういちじ		夜11時までに寮に戻ります。
1	ごじゅっ		50歳にして初めて海外に渡航した。
1	さんば	わ	コーヒーを3杯飲んだから、夜眠れないわけだ。
1	じゅうが		10月になると、涼しくなります。
1	じゅっぷ	ふ	10分しか残っていません。
1	いっ		1か月に2回映画館へ行きます。
1	しが		3月から4月にかけて、全国で桜が咲く。
1	ごふ	ぶ	5分の遅刻ならまだしも、1時間遅れるのはありえない。
1	びいつか	B：ごにち	A：夏休みはどこに行きますか。。B：両親と韓国に行く予定です
1	なんじ	つ	A：田中さん、明日のプレゼン資料、最終確認お願いできますか。
1	あいてぃい	IT	IT業界は技術の進歩が目まぐるしく、常に学び続ける必要がある
1	なんばあいち	No.	その広告は「業界No.1の実績」を謳っているが、根拠は極めて
1	た	ことわ	その僧侶は厳しい戒律を守り、俗世との関わりを断っている。
1		／う	歌います→歌う／歌わない
1	えてぃいえむ	ATM	銀行のATMもあるので、いつでもお金をおろせます。
1	わつか	にじゅうにち	軽微な暴行罪で有罪判決を受けた被告人に、二十日間の拘留が科さ
1	といろ	じゅうしょく	幸せの形なんて十人十色で、他人と比べても意味がない。
1	えぬいち	N	三年間努力して、ようやく日本語能力試験のN1を取得しました。
1	ひゃく		先着100名様に限り、特典をプレゼントします。
1		惻しか	被災地の子どもたちの姿を目にして、彼女は惻然として言葉を失っ
1	ば	あぶ	焙煎したての豆を挽くと、香ばしいコーヒーの匂いが部屋中に広が
1	せん		焙煎したての豆を挽くと、香ばしいコーヒーの匂いが部屋中に広が
1	ひゃっ		100キロからある荷物を、彼は一人で運び切った。
1	さん		3年も住んでいれば、詳しいわけだ。
1	おのの	慄	あまりに凄惨な現場を目の当たりにし、彼は恐怖に慄いた。
1	もおし	さる	このセミナーの申込みは、明日までにしてください。
1	とんこつ	ぶたぼね	この店のラーメンは、スープが特別美味しいです。豚骨を十時間以
1	い	おこな	ジムに入会したものの、忙しくて一度しか行っていない。
1	たまたま	偶々	その日は偶々休みだったので、彼を手伝ってあげられました。
1	ひっすい	必衰	どんな大帝国もいつかは滅びる。盛者必衰とはよく言ったものだ。
1	みやこ	と	圧政に耐えかねた民衆を率い、彼はついに都で挙兵した。
1		ぶり	駅前の店で天ぷら丼を注文しました。
1	り	わなれ	汽笛を一つ鳴らして、大型客船はゆっくりと埠頭を離岸していった
1		／	起きます→起きる／起きない
1	とおか	じゅうにち	軽犯罪法違反で有罪となった男は、裁判所から十日間の拘留を命じ
1	たて		使者は貢ぎ物を朝廷に恭しく奉った。
1	しゅう	就	就活中の学生にとって、この情報は貴重だ。
1		――	世は事もなし――なべて平穏なうちに、また一年が過ぎていった。
1	いぼお	たけしもち	長年の実績に裏打ちされた威望が、彼の発言に重みを与えている。
1	き	ちゃく	店に着いたら、まず制服に着がえて、手をきれいに洗います。
1	あいだ	かん	電車が遅れたため、乗客はホームで長い間待たされました。
1	ひたい	がく	都心のマンションだけあって、庭と呼べるのは猫の額ほどのスペー
1	ちょく	みことのり	当時は議会の承認を経ずとも、勅令一つで法律に等しい効力を持た
1		いえ	日曜日はたいてい家にいる。
1	あたい	ね	入力した値に応じて結果が決まるこの仕組みは、一種の関数とみな
1	かたく	頑	彼女は世間の批判にも頑なに自らの信念を貫き通した。
1	と	うさぎ	理由はいろいろあるだろうが、兎に角、締め切りだけは守ってほし
1	さい	～ぎわ	～際に
1		A：	A：先日の企画書の件ですが、もう少しターゲット層を絞り込んだ
1	ぜん	まえ	A：履歴書を拝見しましたが、前職を辞めた理由を教えてください
1	ちお	や	あと一歩で優勝を逃してしまい、口惜しくて涙が止まらなかった。
1	ねっ	あつ	あのスープは熱そうです。
1	こおぼ	ぐほ	あの大家がこんな初歩的なミスを犯すとは、弘法にも筆の誤りと言
1	あだ	きゅう	あれだけ面倒を見てやったのに、彼は裏で私の悪口を言いふらすと
1	せえ	しょい	うまくいかないのを他人の所為にしているうちは、いつまでも成長
1		…	お願いしたいんですけど…
1	あ	ぁ	キャンプファイヤーの炎を見つめていると、心が落ち着きます。
1	ひと	えち	このスープは味が濃厚で、一口飲んだだけでお腹がいっぱいになり
1	ひとめ	えちもく	この魚は色がとても美しいのが特徴で、一目でほかの魚と区別でき
1	ひとり	にん	この仕事量を1人でやるのは大変に違いない。
1	いくさ	せん	この城は堅固な石垣に守られ、幾度の戦にも耐えてきた。
1	がん	わぎし	この地域に見られる河岸段丘は、長い年月をかけた河川の浸食作用
1	がら	え	この柄のシャツはとてもかわいいですね。
1	いえ	か	せっかく休みを取ったのに、朝から雨で一日中家に閉じこもってい
1	し	つよ	どちらの案も甲乙つけがたいが、強いて言えば前者のほうが現実的
1	ょお	ん	どれほど困窮しても、職人としての矜持だけは決して捨てなかった
1	かど	もん	どんなに苦しくても、笑う門には福来たると信じて明るく振る舞っ
1	き	らい	どんなに苦しくても、笑う門には福来たると信じて明るく振る舞っ
1	く		バスは9時に出発するので、遅れないでください。
1	えん	あたり	ピタゴラスの定理を用いれば、この三角形の辺の長さが求められる
1		とら	リスクを恐れて動かなければ大きな成果は望めない。虎穴に入らず
1	じ		リスクを恐れて動かなければ大きな成果は望めない。虎穴に入らず
1	ひととき	いちじ	一時の失敗で部下を切り捨てるようでは、指導者としての器量が疑
1	じょお	うえ	一人暮らしをする上で、自炊のスキルは欠かせない。
1	ぶ	ふん	一分の無駄もないこの茶室の設計は、簡素の美の極致と言ってよい
1	こんにち	きょお	一本の川によって、その民族は南北に分断されたまま今日に至って
1	ふ	くだ	雨が降ろうと降るまいと、いずれにせよ試合は予定どおり開催され
1	そむ	叛	恩義ある主君に叛くことなど、彼の信念からしてできるはずもなか
1	ず		何度も交渉を試みたが、双方の主張の隔たりは埋まらなかった。
1	ど	びや	環境破壊は、多くの野生動物の生存を脅かしている。
1	ろおらく	かご絡	甘い言葉で若い政治家を籠絡し、裏で意のままに操っていたらしい
1	つ	そそ	経済が疲弊しているにもかかわらず、その国は過剰なまでに軍備の
1	あい	隘	計画そのものは申し分ないが、人手不足という隘路をどう打開する
1	けつ	ち	血流が途絶えた指先は、放置すれば壊疽を起こしかねない。
1	い	きょ	喧騒を離れ、彼は緑に囲まれた閑静な住宅街に居を構えることにし
1	あら	そ	見た目の売上高に惑わされず、まずは粗利がどれだけ確保できてい
1	がん	め	骨董品の価値を見極めるには、長年の経験に裏打ちされた審美眼が
1	し	よん	再三再四注意したにもかかわらず、彼はいっこうに態度を改めよう
1	ひ	わじ	姉は毎日ピアノを弾きます。
1		わ	子どもの頃、夕焼けが消えてしまうまで、我を忘れて遊びに興じた
1	あぶら	やに	脂っこいものを食べすぎたせいか、なかなか消化されず、胃がもた
1	じ	とき	時が経てば、辛いことも忘れていくものだ。
1	もく	め	実力者と目されていた選手が初戦で敗れるとは、まったく意外な結
1	あじ	み	若い頃には分からなかった、この俳優の演技の渋味が今では味わえ
1	わら	嗤	周囲が彼の突飛な計画を嗤う中、彼だけは本気でそれを信じていた
1		か	週末は大抵家で読書をして過ごす。
1	ひい	のべえ	従業員の健康を守ることは、延いては会社全体の生産性の向上にも
1	かぶ	こおむ	暑いので、帽子を被って出かけます。
1	もっ	き	職人は一片の木塊から、生きているかのような仏像を彫り上げた。
1	い	たまり	職人は一片の木塊から、生きているかのような仏像を彫り上げた。
1	せん	あらい	食洗機の使い方がわかりません。
1	いつか	ごにち	審査には三日ないし五日ほどを要しますので、あらかじめご了承く
1	の		新宿で山手線から中央線に乗り換えれば、二十分ほどで着きます。
1	ほとけ	ふつ	真相を知れば深く傷つくだろうし、これは知らぬが仏のままにして
1	あい	AI	生成AIの急速な普及により、知識を得ることのハードルは、かつ
1	した	か	戦時下では、言論に対する統制が一段と厳しさを増した。
1	わや	と	祖父は「疾く行け」と、古めかしい言い回しで私をせかした。
1		とも	素潜りで海の底まで潜り、貝を採るのが彼の得意技だ。
1	も	く	素潜りで海の底まで潜り、貝を採るのが彼の得意技だ。
1	いん	隕	太古の昔に落下した巨大な隕石が、生態系に壊滅的な影響を及ぼし
1		る	体に悪いと知りつつも、夜更かしがやめられない。
1	き	っ	敵国の巧妙な謀略に嵌まり、同盟は内部から瓦解していった。
1		ま	敵国の巧妙な謀略に嵌まり、同盟は内部から瓦解していった。
1	つ	っ	登山者は足を踏み外し、数十メートルも斜面を滑落してしまった。
1	じゅん	めぐ	塔の内部には、頂上へと続く螺旋状の階段が延々と巡らされていた
1	びょ	やまい	二人が同じ日に同じ病を患ったのは、抗いがたい宿命だったとしか
1	ほお	胞	肺胞では酸素と二酸化炭素の交換が絶え間なく行われている。
1	く	きた	梅雨に入ると、来る日も来る日も雨続きで、なんとも言えない憂鬱
1	どき	じ	梅雨時特有の湿気のせいか、朝から体が気だるくて仕方がない。
1	びい	B	犯人がAだとすると、Bにはアリバイがある。
1	もて	ひょお	彼は喜怒哀楽を表に出さない人なので、何を考えているのか読み取
1	えぬぴい	NPO	彼は志を同じくする仲間と共に、新たなNPOを設立した。
1	かくしゅ	つとむもり	彼は職務上の秘密を恪守し、退職後も一切口外しなかった。
1	だ		彼は代々医者を輩出してきた名門の出だが、その肩書きに甘んじる
1		ゅつ	彼は代々医者を輩出してきた名門の出だが、その肩書きに甘んじる
1	くるま	しゃ	父は毎日車で会社へ行きます。
1	ほほ	び	舞台に現れた女優の妖艶な微笑みに、観客は思わず息をのんだ。
1		こ	部署ごとに認識がずれていたので、事前に各自の見解を擦り合わせ
1	えさ	諫	暴走しかけた社長を、古参の役員が身を挺して諫めた。
1	すべ	じゅつ	膨れ上がる負債を前に、経営陣は為す術もなくただ倒産を待つばか
1	そくどく	わや読	膨大な資料に目を通す必要があり、速読の技術が役に立った。
1	ぞお	そゆう	未曽有の暴風が、防風林の巨木を根こそぎなぎ倒していった。
1	いれてん	にゅうみせ	予約してからでないと、入店できません。
1	ぱ	わ	来月、家族と北海道に行く予定です。飛行機で札幌まで行って、そ
1	っか	んにち	来月、家族と北海道に行く予定です。飛行機で札幌まで行って、そ
1	くが		涼しくなるどころか、9月に入っても真夏日が続いている。
1	せんじゅう	れえいち	和食は二〇一三年にユネスコの無形文化遺産に登録されました。季
1	ざれ	たわ	「明日世界を征服する」などと、彼はいつも酔うと戯言ばかり並べ
1	すう	かず	A：先日購入した商品なんですが、初期不良があったようで、電源
1	いま		A：田中さん、会議の資料はもう準備できましたか。。B：すみま
1		んこ	A：田中さん、会議の資料はもう準備できましたか。。B：すみま
1	ぞ	そ	あの新しい書店は品揃えがいいそうだ。
1	っ	つ	あの政治家は、巧みな策略で対立候補を次々に窮地に追い込んだ。
1	す	あ	お腹が空いて、何か食べました。
1	い	ひ	こていひ
1	せ	し	この橋の施工は、地元の建設会社が請け負うことになった。
1	さ	ざ	この時計は職人が手作業で仕上げた、実に精巧な細工が施されてい
1	しゅ	たね	この種の訴訟では、過去の判例が判決を左右する決め手となること
1	もと	した	すべての国民は法の下に平等であると憲法に定められている。
1	つ	こ	つまらない意地の張り合いで、両者とも面子にこだわりすぎている
1	っぽ	くほ	ヒトの細胞には、通常四十六本の染色体が含まれている。
1	ん	と	わずか十七音で情景を切り取る俳句には、日本人の美意識が凝縮さ
1	かぎ	き	一度失われた信頼を取り戻すのは難しく、その関係の悪化はもはや
1		が	一度失われた信頼を取り戻すのは難しく、その関係の悪化はもはや
1	いま	こん	何百年も前に築かれた石垣が、地震にも崩れず今なお堅牢に残って
1	ど	と	外は日差しが強いので、出かける前に日焼け止めを塗っておこう。
1	と	え	獲れたばかりの魚をその場で加工することで、鮮度と風味を保って
1	つ	め	乾燥する季節は、皮膚が荒れやすいので保湿を欠かせない。
1	げ	むか	歓送迎会でスピーチさせられた。
1	みこ		汗まみれになりながら、祭りの神輿を担いだ。
1		んよ	汗まみれになりながら、祭りの神輿を担いだ。
1	な	做	期限までに返信がない場合は、同意したものと見做します。
1	どとお	いか濤	起業してからの数年間は、まさに疾風怒濤の日々だった。
1	ひとこ	いっせ	議論は平行線をたどっていたが、会長の鶴の一声で方針は一気に決
1	じょおさい	しろとりで	丘の上には、幾多の戦火をくぐり抜けてきた堅固な城砦がそびえて
1	あ	ちんた	宮崎の青島に行ったことがありますか。
1	しま		宮崎の青島に行ったことがありますか。
1	ぼ	ほ	強い風のせいで、公園の木の枝が何本も折れてしまった。
1		げ	月末までにお支払いいただけるよう、請求書を本日中に発送いたし
1	き		月末までにお支払いいただけるよう、請求書を本日中に発送いたし
1	げ	か	最近は原油の相場が乱高下しているので、投資には慎重にならざる
1	つがん	るめ	市場の潮目をいち早く読む達眼が、彼を成功へと導いた。
1	さい	ぎわ	資金繰りが行き詰まり、会社は倒産するかどうかの瀬戸際に立たさ
1	こお	ぐち	取材をやめろと、その男は電話口でしつこく記者を恫喝してきた。
1	ちか	こん	終電を逃したので、駅近のホテルに泊まらざるを得なかった。
1	ふたり		初めて会ったのに、話してみると二人には意外と共通点が多かった
1		にんに	初めて会ったのに、話してみると二人には意外と共通点が多かった
1	りょくふ	ちからぶ	少子高齢化に伴う労働力不足は、日本経済の構造的な課題である。
1	わ	ば	色々検討したが、矢張り最初の案が一番よかったようだ。
1	う	ぶ	新人の意欲が高いうちに、鉄は熱いうちに打てで、どんどん実務を
1	っぴ	つひ	人気商品が欠品してしまい、入荷まで一週間ほどお待ちいただくこ
1	っぺ	ちえ	数ある短編の中でも、この一編が本作品集の白眉と言えるだろう。
1	とお	あかり	世界中を探し回った答えが、実は身近な資料に載っていたとは、ま
1	もと	か	世界中を探し回った答えが、実は身近な資料に載っていたとは、ま
1	みち	どお	雪道で足を滑らせて転んでしまい、恥ずかしい思いをした。
1	も	ぶ	専門家の手によって、傷んだ古文書が見事に復元された。
1	ざ	さ	祖父の生き様に感化され、私は医の道を志すに至った。
1	かな	てき	村の長老の一言には、若者たちが束になっても敵わないほどの重み
1	ぶ	む	多少の経費の使い込みには目を瞑るとしても、書類の改ざんだけは
1	べ	び	大腸では、残った内容物から水分が吸収され、便が形づくられる。
1	ぐわ	んば	庭一面に咲いた金木犀が、芳しい香りをあたりに漂わせている。
1	ほ	ひ	天気がいいから、布団を外に干そう。
1	なま	にぶ	彼は若い頃の事故で隻眼となったが、それでも職人としての腕は少
1	たん	わじ	物価の高騰に端を発した市民の不満は、ついに各地で暴動へと発展
1	ぬか	がく	民衆は神殿の前に額ずき、静かに祈りを捧げていた。
1	いた	ろお	無理をしがちな彼女に、たまには体を労わるよう忠告した。
1	ね	ち	問屋との仕切り値を一円でも下げようと、担当者は粘り強く交渉を
1	あい	そお	両者の利害が真っ向から相反するため、交渉は難航を極めた。
